value	block	flow
Barometer ICs on 14-week backorder	Barometer ICs on 14-week backorder	Barometer ICs on 14-week backorder
prototype/171b/ shows live refresh: git-polling watcher	"prototype/171b/ shows live refresh: git-polling watcher"	"prototype/171b/ shows live refresh: git-polling watcher"
design/b618.md on branch wave/b618 awaits the owner's review at the design gate	design/b618.md on branch wave/b618 awaits the owner's review at the design gate	design/b618.md on branch wave/b618 awaits the owner's review at the design gate
40e8	"40e8"	"40e8"
07e0	"07e0"	"07e0"
1000	"1000"	"1000"
1e10	"1e10"	"1e10"
2026-10-05	"2026-10-05"	"2026-10-05"
true	"true"	"true"
No	"No"	"No"
on	"on"	"on"
y	"y"	"y"
~	"~"	"~"
waits for #7	"waits for #7"	"waits for #7"
waits #7	"waits #7"	"waits #7"
ends with a colon:	"ends with a colon:"	"ends with a colon:"
key:value	key:value	key:value
say "hi" to C:\temp	say "hi" to C:\temp	"say \"hi\" to C:\\temp"
a 'quote' here	a 'quote' here	a 'quote' here
- dash first	"- dash first"	"- dash first"
[bracket first	"[bracket first"	"[bracket first"
a, b [c] {d}	a, b [c] {d}	"a, b [c] {d}"
👓 symbol first	"👓 symbol first"	"👓 symbol first"
note 👓 inside	note 👓 inside	"note 👓 inside"
&anchor	"&anchor"	"&anchor"
*alias	"*alias"	"*alias"
!tag	"!tag"	"!tag"
%percent	"%percent"	"%percent"
@at	"@at"	"@at"
`tick	"`tick"	"`tick"
> fold	"> fold"	"> fold"
| literal	"| literal"	"| literal"
? question	"? question"	"? question"
é accent first	"é accent first"	"é accent first"
